,File Name,Closest Distance,Human Target,Human Width,Human Length,Human Area,Animal Taget,Animal Width,Animal Length,Animal Area,Area Ratio,Label
0,human_human_non_2.jpg,257.1429563491872,"(280, 614, 773, 767)",153,493,75429,"(276, 869, 476, 929)",60,200,12000,6.28575,0
1,human_human_non_3.jpeg,708.5853865272695,"(282, 61, 1013, 299)",238,731,173978,"(276, 767, 997, 1010)",243,721,175203,1.0070411201416272,0
2,human_human_non_5.jpeg,66.22877018335763,"(280, 5, 944, 432)",427,664,283528,"(469, 145, 843, 391)",246,374,92004,3.081692100343463,0
3,human_human_non_6.jpeg,327.41182018980317,"(248, 76, 816, 359)",283,568,160744,"(235, 447, 466, 533)",86,231,19866,8.091412463505486,0
4,human_human_non_7.jpg,204.6564193960209,"(387, 45, 662, 136)",91,275,25025,"(367, 245, 698, 345)",100,331,33100,1.3226773226773227,0
5,human_human_non_`.jpeg,440.00113636216895,"(499, 267, 867, 384)",117,368,43056,"(516, 707, 852, 824)",117,336,39312,1.0952380952380953,0
