,File Name,Closest Distance,Human Target,Human Width,Human Length,Human Area,Animal Taget,Animal Width,Animal Length,Animal Area,Area Ratio,Label
0,human_human_1.jpeg,136.6821129482567,"(54, 534, 1028, 740)",206,974,200644,"(75, 437, 929, 575)",138,854,117852,1.7025082306621864,1
1,human_human_2.jpeg,84.74963126763443,"(358, 681, 1015, 835)",154,657,101178,"(396, 780, 880, 875)",95,484,45980,2.2004784688995214,1
2,human_human_3.jpeg,71.79310551856634,"(170, 849, 545, 1007)",158,375,59250,"(198, 749, 553, 968)",219,355,77745,1.3121518987341771,1
3,human_human_4.jpeg,117.95338062132852,"(518, 119, 971, 223)",104,453,47112,"(497, 24, 918, 94)",70,421,29470,1.598642687478792,1
4,human_human_5.webp,86.64006001844643,"(224, 764, 688, 871)",107,464,49648,"(181, 694, 646, 790)",96,465,44640,1.1121863799283154,1
5,human_human_6.jpeg,59.23048201728566,"(275, 959, 454, 1026)",67,179,11993,"(305, 906, 492, 982)",76,187,14212,1.185024597681981,1
6,human_human_7.jpeg,104.73418735064497,"(509, 248, 828, 322)",74,319,23606,"(484, 307, 987, 424)",117,503,58851,2.493052613742269,1
