,File Name,Closest Distance,Human Target,Human Width,Human Length,Human Area,Animal Taget,Animal Width,Animal Length,Animal Area,Area Ratio,Label
0,elephant_non_vio_1.jpeg,499.536034736234,"(472, 372, 950, 489)",117,478,55926,"(299, 739, 484, 890)",151,185,27935,2.0020046536602827,0
1,elephant_non_vio_3.jpeg,383.51173384917445,"(360, 368, 925, 582)",214,565,120910,"(43, 87, 560, 512)",425,517,219725,1.8172607724753949,0
2,elephant_non_vio_4.jpeg,254.4607042354477,"(149, 0, 1024, 216)",216,875,189000,"(193, 12, 481, 304)",292,288,84096,2.247431506849315,0
3,elephant_non_vio_5.jpeg,401.0891422115538,"(796, 474, 1025, 603)",129,229,29541,"(319, 485, 709, 713)",228,390,88920,3.010053823499543,0
4,elephant_non_vio_7.jpeg,262.5190469280277,"(610, 787, 924, 865)",78,314,24492,"(481, 848, 537, 901)",53,56,2968,8.252021563342318,0
5,elephant_non_vio_8.jpeg,288.9000692280983,"(204, 402, 451, 483)",81,247,20007,"(228, 137, 944, 490)",353,716,252748,12.632978457539862,0
