,File Name,Closest Distance,Human Target,Human Width,Human Length,Human Area,Animal Taget,Animal Width,Animal Length,Animal Area,Area Ratio,Label
0,panda.jpeg,347.8965363437814,"(42, 404, 938, 954)",550,896,492800,"(327, 67, 1025, 703)",636,698,443928,1.11008992449226,1
1,panda_4.webp,330.54235734622574,"(98, 460, 1021, 929)",469,923,432887,"(613, 780, 1023, 1021)",241,410,98810,4.381003946968931,1
2,panda_5.webp,38.34709897762802,"(184, 331, 1026, 617)",286,842,240812,"(433, 361, 718, 538)",177,285,50445,4.773753593022104,1
