,File Name,Closest Distance,Human Target,Human Width,Human Length,Human Area,Animal Taget,Animal Width,Animal Length,Animal Area,Area Ratio,Label
0,elephant_vio_1.jpeg,330.47617160697075,"(257, 796, 685, 853)",57,428,24396,"(174, 217, 1005, 815)",598,831,496938,20.36965076242007,1
1,elephant_vio_2.jpeg,273.5164528872075,"(128, 573, 1017, 866)",293,889,260477,"(18, 160, 1028, 741)",581,1010,586810,2.252828464701298,1
2,elephant_vio_3.jpg,214.80514425869785,"(494, 595, 799, 740)",145,305,44225,"(189, 356, 727, 773)",417,538,224346,5.072832108535896,1
3,elephant_vio_5.jpeg,427.67657172213677,"(305, 371, 1026, 895)",524,721,377804,"(41, 2, 888, 509)",507,847,429429,1.1366449269991847,1
4,elephant_vio_6.jpeg,246.85876528898058,"(521, 116, 872, 190)",74,351,25974,"(116, 177, 896, 443)",266,780,207480,7.987987987987988,1
5,elephant_vio_7.jpeg,380.3041545920844,"(263, 1, 1019, 513)",512,756,387072,"(2, 199, 997, 1021)",822,995,817890,2.1130177331349205,1
6,elephant_vio_8.jpeg,275.16404198223285,"(79, 86, 332, 207)",121,253,30613,"(258, 84, 703, 228)",144,445,64080,2.093228367033613,1
